<?xml version="1.0" encoding="utf-8"?>
<modification>
	<name>Example</name>
	<code>someexample</code>
	<version>1.0.0</version>
	<author>Andrei</author>
	<link>http://www.yucko.com</link>
	<file path="admin/view/template/catalog/product_form.twig">
        <operation>
            <search><![CDATA[
                <input type="text" name="weight" value="{{ weight }}" placeholder="{{ entry_weight }}" id="input-weight" class="form-control" />
              ]]></search>
            <add position="after" offset="2">
                <![CDATA[
               <div class="form-group">
                <label class="col-sm-2 control-label" for="input-sizes">Размеры</label>
                <div class="col-sm-10">
                  <input type="text" name="sizes" value="{{ sizes }}" placeholder="{{ entry_sizes }}" id="input-sizes" class="form-control" />
                </div>
              </div>
            ]]>
            </add>
        </operation>
    </file>
    <file path="admin/model/catalog/product.php">
        <operation>
            <search><![CDATA[
                $this->db->query("INSERT INTO " . DB_PREFIX . "product_description SET product_id = '" . (int)$product_id . "', language_id = '" . (int)$language_id . "', name = '" . $this->db->escape($value['name']) . "', description = '" . $this->db->escape($value['description']) . "', tag = '" . $this->db->escape($value['tag']) . "', meta_title = '" . $this->db->escape($value['meta_title']) . "', meta_description = '" . $this->db->escape($value['meta_description']) . "', meta_keyword = '" . $this->db->escape($value['meta_keyword']) . "'");
              ]]></search>
            <add position="replace">
                <![CDATA[
                $this->db->query("INSERT INTO " . DB_PREFIX . "product_description SET product_id = '" . (int)$product_id . "', language_id = '" . (int)$language_id . "', name = '" . $this->db->escape($value['name']) . "', description = '" . $this->db->escape($value['description']) . " ' , sizes = ' ". $this->db->escape($data['sizes']) . "', tag = '" . $this->db->escape($value['tag']) . "', meta_title = '" . $this->db->escape($value['meta_title']) . "', meta_description = '" . $this->db->escape($value['meta_description']) . "', meta_keyword = '" . $this->db->escape($value['meta_keyword']) . "'");
            ]]>
            </add>
        </operation>
        <operation>
            <search><![CDATA[
                $this->db->query("INSERT INTO " . DB_PREFIX . "product_description SET product_id = '" . (int)$product_id . "', language_id = '" . (int)$language_id . "', name = '" . $this->db->escape($value['name']) . "', description = '" . $this->db->escape($value['description']) .  "', tag = '" . $this->db->escape($value['tag']) . "', meta_title = '" . $this->db->escape($value['meta_title']) . "', meta_description = '" . $this->db->escape($value['meta_description']) . "', meta_keyword = '" . $this->db->escape($value['meta_keyword']) . "'");
              ]]></search>
            <add position="replace">
                <![CDATA[
                $this->db->query("INSERT INTO " . DB_PREFIX . "product_description SET product_id = '" . (int)$product_id . "', language_id = '" . (int)$language_id . "', name = '" . $this->db->escape($value['name']) . "', description = '" . $this->db->escape($value['description']) . " ', sizes = ' " . $this->db->escape($data['sizes']) .  "', tag = '" . $this->db->escape($value['tag']) . "', meta_title = '" . $this->db->escape($value['meta_title']) . "', meta_description = '" . $this->db->escape($value['meta_description']) . "', meta_keyword = '" . $this->db->escape($value['meta_keyword']) . "'");
            ]]>
            </add>
        </operation>
    </file>
    <file path="catalog/model/catalog/product.php">
        <operation>
            <search><![CDATA[
                'product_id'       => $query->row['product_id'],
              ]]></search>
            <add position="before">
                <![CDATA[
               'sizes'             => $query->row['sizes'],
            ]]>
            </add>
        </operation>      
    </file>
    <file path="catalog/controller/product/category.php">
        <operation>
            <search><![CDATA[
                'product_id'  => $result['product_id'],
              ]]></search>
            <add position="before">
                <![CDATA[
               'sizes'        => $result['sizes'],
            ]]>
            </add>
        </operation>      
    </file>
    <file path="catalog/view/theme/default/template/product/category.twig">
        <operation>
            <search><![CDATA[
                {% if product.tax %} <span class="price-tax">{{ text_tax }} {{ product.tax }}</span> {% endif %} </p>
              ]]></search>
            <add position="after">
                <![CDATA[
               {% if product.sizes %} <span class="price-tax">Размеры: {{ product.sizes }}</span>{% endif %}
            ]]>
            </add>
        </operation>      
    </file>
    <file path="admin/controller/catalog/product.php">
        <operation>
            <search><![CDATA[
                $data['weight'] = $product_info['weight'];
              ]]></search>
            <add position="after" offset="3">
                <![CDATA[
            if (isset($this->request->post['sizes'])) {
            $data['sizes'] = $this->request->post['sizes'];
            } elseif (!empty($product_info)) {
                $data['sizes'] = $product_info['sizes'];
            } else {
                $data['sizes'] = '';
            }
            ]]>
            </add>
        </operation>      
    </file>
</modification>